Frame Number, VoiceEnergy, AmbientEnergy, VADFlag, CurrentFrameEnergy
1, 81990, 0, 0, 4098653
2, 191542, 0, 0, 5958452
3, 256488, 0, 0, 4372800
4, 302715, 0, 0, 3818896
5, 317696, 0, 0, 2528769
6, 340271, 0, 0, 2996484
7, 380325, 0, 0, 4002983
8, 450875, 0, 0, 5762936
9, 473962, 0, 0, 3805167
10, 514928, 0, 0, 4834665
11, 518670, 0, 0, 3214710
12, 554089, 45637, 0, 4820247
13, 577685, 103074, 0, 4437499
14, 612076, 140394, 0, 5115815
15, 618233, 196522, 0, 3906644
16, 588453, 247386, 0, 2146386
17, 599545, 305776, 0, 4014444
18, 594557, 348963, 0, 3275819
19, 612790, 370521, 0, 4407286
20, 641900, 414225, 0, 5058222
21, 645814, 448546, 0, 3969895
22, 667721, 496025, 0, 4892388
23, 662246, 550742, 0, 3652341
24, 683898, 591750, 0, 4976202
25, 683159, 643330, 0, 3984244
26, 669468, 679419, 0, 3332410
27, 654888, 730953, 0, 3207482
28, 661624, 769972, 0, 4187259
29, 667124, 800705, 0, 4165094
30, 681728, 829571, 0, 4652571
31, 745554, 869842, 0, 7199058
32, 731779, 909364, 0, 3695087
33, 731326, 954258, 0, 4280056
34, 746431, 1029155, 0, 5055073
35, 748761, 1061129, 0, 4505307
36, 758108, 1099735, 0, 4869774
37, 778082, 1147173, 0, 5455948
38, 783273, 1187449, 0, 4834426
39, 800121, 1231613, 0, 5447708
40, 781218, 1282278, 0, 3759592
41, 780344, 1324881, 0, 4549684
42, 797252, 1374328, 0, 5433440
43, 798348, 1402936, 0, 4742401
44, 769495, 1440677, 0, 3251720
45, 769575, 1488564, 0, 4528398
46, 737985, 1527589, 0, 2945770
47, 729798, 1548268, 0, 3929953
48, 712906, 1584010, 0, 3446611
49, 705738, 1600343, 0, 3833424
50, 714191, 1628283, 0, 4572166
51, 733304, 1650091, 0, 5154748
52, 716832, 1676277, 0, 3488225
53, 721533, 1711009, 0, 4449840
54, 699682, 1752312, 0, 3150151
55, 706548, 1773132, 0, 4457171
56, 734625, 1805235, 0, 5557881
57, 731077, 1821366, 0, 4142050
58, 720673, 1852979, 0, 3778484
59, 749589, 1897414, 0, 5682859
60, 753125, 1924335, 0, 4584216
61, 749622, 1946573, 0, 4253094
62, 747771, 1991384, 0, 4315044
63, 750082, 2022481, 0, 4512254
64, 753143, 2049234, 0, 4563352
65, 725512, 2076409, 0, 3047070
66, 763292, 2105624, 0, 6154435
67, 783446, 2135101, 0, 5495524
68, 800609, 2146039, 0, 5464480
69, 791322, 2194114, 0, 4243191
70, 779406, 2233710, 0, 4057135
71, 764686, 2272458, 0, 3846908
72, 752948, 2296094, 0, 3909410
73, 747653, 2317215, 0, 4162458
74, 758364, 2335562, 0, 4931474
75, 744989, 2354438, 0, 3790421
76, 728864, 2376123, 0, 3574239
77, 722265, 2406771, 0, 3955699
78, 732843, 2423366, 0, 4775544
79, 737094, 2437169, 0, 4521471
80, 753145, 2455382, 0, 5136342
81, 755673, 2483209, 0, 4554720
82, 741736, 2507655, 0, 3746483
83, 733984, 2539182, 0, 3973658
84, 720640, 2563356, 0, 3648581
85, 759419, 2577546, 0, 6175684
86, 733313, 2594291, 0, 3160175
87, 741251, 2606936, 0, 4708541
88, 744634, 2649738, 0, 4527523
89, 722165, 2655860, 0, 3255071
90, 716995, 2680479, 0, 3987728
91, 705572, 2702632, 0, 3644730
92, 708458, 2709258, 0, 4292868
93, 696222, 2724592, 0, 3553920
94, 694622, 2735628, 0, 4013691
95, 703801, 2754305, 0, 4543070
96, 697847, 2763896, 0, 3840570
97, 693314, 2778886, 0, 3876620
98, 707106, 2800045, 0, 4765981
99, 732013, 2812525, 0, 5402708
100, 716943, 2825288, 0, 3550729
101, 710579, 2848564, 0, 3897336
102, 753269, 2879197, 0, 6312063
103, 739188, 2887251, 0, 3725138
104, 747125, 2899366, 0, 4743064
105, 740958, 2940296, 0, 4084609
106, 743734, 2949709, 0, 4495419
107, 739573, 2971218, 0, 4164957
108, 740920, 2984572, 0, 4415816
109, 734687, 3002693, 0, 4044876
110, 741201, 3016633, 0, 4645364
111, 732680, 3033414, 0, 3932127
112, 709157, 3045545, 0, 3132055
113, 716676, 3064733, 0, 4545552
114, 722759, 3075137, 0, 4517978
115, 737940, 3075820, 0, 5008562
116, 748212, 3093448, 0, 4852394
117, 750841, 3110533, 0, 4530721
118, 743219, 3133297, 0, 4033709
119, 738266, 3153915, 0, 4122347
120, 711448, 3170428, 0, 3000259
121, 693025, 3180782, 0, 3262171
122, 672800, 3192075, 0, 3063792
123, 634717, 3189775, 0, 2052181
124, 667566, 3190644, 0, 5374088
125, 675853, 3189123, 0, 4339324
126, 685865, 3175488, 0, 4474356
127, 668317, 3201857, 0, 3155497
128, 697639, 3215500, 0, 5395302
129, 699982, 3230598, 0, 4219084
130, 700679, 3229698, 0, 4150525
131, 705590, 3255671, 0, 4365353
132, 720446, 3267226, 0, 4891340
133, 707513, 3277820, 0, 3589580
134, 756267, 3290864, 0, 6597172
135, 731031, 3310060, 0, 3185123
136, 736714, 3313413, 0, 4582395
137, 738594, 3352797, 0, 4425665
138, 726921, 3350787, 0, 3759216
139, 719539, 3365559, 0, 3905135
140, 719091, 3378274, 0, 4208313
141, 706261, 3382843, 0, 3586767
142, 700812, 3389108, 0, 3880253
143, 710601, 3398934, 0, 4609946
144, 699903, 3401187, 0, 3643398
145, 712840, 3406933, 0, 4761949
146, 720349, 3421362, 0, 4566682
147, 720730, 3424025, 0, 4254512
148, 719213, 3440072, 0, 4161862
149, 718927, 3453584, 0, 4214532
150, 713902, 3463190, 0, 3975904
151, 699653, 3471570, 0, 3485303
152, 716466, 3480481, 0, 4954203
153, 759183, 3486423, 0, 6348002
154, 730129, 3486410, 0, 3011423
155, 723775, 3504014, 0, 3975314
156, 728574, 3538124, 0, 4495524
157, 717808, 3531808, 0, 3745607
158, 717397, 3537128, 0, 4199985
159, 739173, 3548623, 0, 5306699
160, 700107, 3550986, 0, 2393269
161, 703907, 3558770, 0, 4306449
162, 688158, 3579734, 0, 3351485
163, 688813, 3565505, 0, 4078880
164, 670361, 3574392, 0, 3127633
165, 669369, 3571719, 0, 3891972
166, 680644, 3577802, 0, 4499353
167, 681818, 3572403, 0, 4060721
168, 687130, 3576236, 0, 4274482
169, 676144, 3587308, 0, 3490973
170, 660253, 3592986, 0, 3181216
171, 661185, 3601160, 0, 3928721
172, 651196, 3599839, 0, 3388311
173, 663324, 3594819, 0, 4435155
174, 673190, 3598824, 0, 4393400
175, 670997, 3596300, 0, 3848584
176, 673017, 3606361, 0, 4046266
177, 649000, 3615801, 0, 2756593
178, 670653, 3618593, 0, 4898385
179, 687727, 3623723, 0, 4796797
180, 667476, 3613324, 0, 3031385
181, 669560, 3628737, 0, 4028748
182, 662505, 3642747, 0, 3584143
183, 648937, 3635415, 0, 3217082
184, 681797, 3640133, 0, 5458257
185, 652157, 3639462, 0, 2527116
186, 647083, 3634397, 0, 3580866
187, 626055, 3656272, 0, 2753514
188, 682749, 3642730, 0, 6515143
189, 682729, 3641989, 0, 4013427
190, 687555, 3631334, 0, 4255549
191, 690037, 3665921, 0, 4166757
192, 707940, 3670089, 0, 4952236
193, 725164, 3677111, 0, 5023540
194, 744911, 3682984, 0, 5250974
195, 735999, 3698207, 0, 3934430
196, 773360, 3714103, 0, 6195129
197, 772537, 3732536, 0, 4506026
198, 748926, 3734958, 0, 3362013
199, 742140, 3764464, 0, 4064297
200, 746308, 3773358, 0, 4571976
201, 751074, 3768425, 0, 4626403
202, 729005, 3771974, 0, 3312988
203, 712360, 3781569, 0, 3454299
204, 726069, 3791702, 0, 4873801
205, 711113, 3785961, 0, 3521491
206, 707489, 3781984, 0, 4000014
207, 695194, 3795079, 0, 3545292
208, 688068, 3791798, 0, 3731323
209, 684486, 3794296, 0, 3866629
210, 720693, 3791310, 0, 5834581
211, 722690, 3790591, 0, 4337302
212, 728887, 3791503, 0, 4559005
213, 736380, 3816007, 0, 4660218
214, 726495, 3822260, 0, 3835616
215, 713260, 3831097, 0, 3609986
216, 716390, 3841041, 0, 4350316
217, 709217, 3840976, 0, 3853638
218, 718022, 3838206, 0, 4610214
219, 698277, 3844348, 0, 3234709
220, 689609, 3844460, 0, 3672392
221, 686003, 3853645, 0, 3874516
222, 693683, 3846222, 0, 4417490
223, 696458, 3844138, 0, 4217428
224, 698660, 3844503, 0, 4205082
225, 685853, 3851376, 0, 3467792
226, 680416, 3855767, 0, 3760874
227, 689492, 3859957, 0, 4454395
228, 666242, 3855254, 0, 2891776
229, 682628, 3854123, 0, 4736486
230, 695517, 3861323, 0, 4658025
231, 698667, 3849695, 0, 4246986
232, 708304, 3860331, 0, 4589759
233, 709697, 3869899, 0, 4234286
234, 713962, 3874422, 0, 4386047
235, 721690, 3883002, 0, 4584242
236, 706331, 3887216, 0, 3475577
237, 706000, 3893199, 0, 4136522
238, 712288, 3901487, 0, 4465451
239, 705773, 3896379, 0, 3862422
240, 705137, 3899260, 0, 4117998
241, 707183, 3906051, 0, 4248331
242, 740981, 3905528, 0, 5847625
243, 748675, 3908077, 0, 4741395
244, 745380, 3912158, 0, 4237302
245, 746609, 3935371, 0, 4444076
246, 759195, 3945038, 0, 5019066
247, 747953, 3948544, 0, 3901914
248, 735662, 3954488, 0, 3783348
249, 713601, 3967256, 0, 3222706
250, 705807, 3966473, 0, 3806206
251, 722391, 3964277, 0, 4978968
252, 749109, 3955384, 0, 5583067
253, 739354, 3953595, 0, 3916946
254, 716983, 3965893, 0, 3228959
255, 719360, 3985289, 0, 4334526
256, 711231, 3984470, 0, 3823333
257, 746221, 3975409, 0, 5931004
258, 774409, 3979717, 0, 5796676
259, 782933, 3977842, 0, 4979453
260, 757337, 4001268, 0, 3323899
261, 759884, 4022802, 0, 4580248
262, 751483, 4034276, 0, 4047959
263, 728300, 4025757, 0, 3259633
264, 729191, 4032408, 0, 4326733
265, 726734, 4032595, 0, 4164660
266, 731844, 4023325, 0, 4528435
267, 731004, 4026964, 0, 4261082
268, 731915, 4028616, 0, 4343629
269, 710216, 4034611, 0, 3218807
270, 711403, 4037328, 0, 4235290
271, 731693, 4041002, 0, 5197186
272, 742407, 4031142, 0, 4837767
273, 732696, 4033591, 0, 3879674
274, 734218, 4047547, 0, 4384184
275, 723013, 4057025, 0, 3756881
276, 706283, 4054898, 0, 3414784
277, 728298, 4058848, 0, 5253297
278, 749664, 4055227, 0, 5350279
279, 738075, 4047546, 0, 3828494
280, 731849, 4062008, 0, 4028453
281, 712982, 4077459, 0, 3359959
282, 735696, 4074474, 0, 5327612
283, 729645, 4073923, 0, 4023252
284, 739268, 4065361, 0, 4771208
285, 734635, 4080500, 0, 4115133
286, 743012, 4079814, 0, 4738278
287, 742142, 4088107, 0, 4325196
288, 735011, 4088432, 0, 4007168
289, 730262, 4096226, 0, 4084231
290, 698604, 4098973, 0, 2711200
291, 702704, 4097872, 0, 4312603
292, 697277, 4097709, 0, 3860415
293, 700300, 4081081, 0, 4250942
294, 694061, 4083858, 0, 3805735
295, 681358, 4081179, 0, 3445877
296, 700831, 4083216, 0, 4979651
297, 728869, 4079889, 0, 5522345
298, 739904, 4072286, 0, 4837264
299, 732882, 4083169, 0, 3999414
300, 702074, 4100430, 0, 2769089
301, 680990, 4109268, 0, 3074062
302, 673274, 4107951, 0, 3618287
303, 692526, 4091894, 0, 4921095
304, 690763, 4079687, 0, 3983775
305, 710891, 4074154, 0, 5067671
306, 715775, 4084312, 0, 4424044
307, 725550, 4083107, 0, 4697221
308, 762429, 4094916, 0, 6109613
309, 769521, 4098864, 0, 4837462
310, 758434, 4106041, 0, 3970380
311, 760929, 4130071, 0, 4584139
312, 762933, 4138556, 0, 4574245
313, 746066, 4136539, 0, 3642694
314, 664652, 4141908, 0, 316874
315, 594358, 4147094, 0, 394052
316, 531355, 4141045, 0, 345218
317, 476916, 4095181, 0, 402836
318, 429509, 4050792, 0, 434328
319, 386126, 4006350, 0, 356735
320, 348440, 3963132, 0, 386381
321, 315393, 3920810, 0, 396746
322, 285264, 3878065, 0, 348315
323, 259746, 3836188, 0, 401660
324, 235868, 3794938, 0, 333628
325, 217027, 3753602, 0, 444982
326, 201713, 3713401, 0, 510510
327, 187177, 3672867, 0, 459399
328, 174744, 3634154, 0, 479045
329, 166803, 3596691, 0, 630474
330, 157677, 3559065, 0, 524559
331, 145532, 3522126, 0, 320015
332, 136660, 3487446, 0, 412184
333, 128710, 3451911, 0, 406077
334, 121386, 3414349, 0, 390630
335, 117110, 3378343, 0, 499961
336, 112903, 3342696, 0, 478257
337, 107074, 3307291, 0, 372448
338, 100628, 3273622, 0, 307310
339, 100893, 3240097, 0, 604894
340, 98230, 3205705, 0, 460096
341, 93802, 3170944, 0, 356196
342, 93248, 3140169, 0, 523796
343, 92174, 3108026, 0, 494586
344, 89043, 3075023, 0, 385421
345, 85534, 3044426, 0, 348118
346, 84953, 3013845, 0, 473845
347, 83542, 2982322, 0, 428977
348, 84945, 2950729, 0, 561290
349, 84184, 2921023, 0, 461422
350, 84399, 2891135, 0, 505700
351, 83353, 2863193, 0, 443942
352, 82539, 2834388, 0, 449355
353, 81844, 2806460, 0, 450546
354, 81408, 2778126, 0, 459410
355, 82626, 2750197, 0, 539568
356, 81738, 2722617, 0, 441455
357, 80096, 2695474, 0, 398480
358, 80530, 2669618, 0, 492639
359, 82617, 2642895, 0, 577812
360, 80280, 2615977, 0, 368954
361, 80730, 2590511, 0, 494467
362, 82051, 2566372, 0, 540724
363, 80769, 2540018, 0, 418360
364, 78390, 2515485, 0, 355959
365, 79599, 2491801, 0, 521337
366, 79989, 2466934, 0, 487474
367, 77330, 2441617, 0, 337369
368, 78315, 2418587, 0, 503848
369, 76538, 2395427, 0, 371587
370, 79183, 2370744, 0, 582224
371, 78501, 2348354, 0, 431460
372, 80751, 2324646, 0, 573981
373, 79267, 2303749, 0, 400587
374, 79639, 2281294, 0, 484597
375, 77432, 2260818, 0, 357902
376, 78142, 2238508, 0, 490716
377, 79930, 2217473, 0, 548808
378, 79279, 2195171, 0, 437399
379, 77413, 2174729, 0, 372774
380, 77111, 2155229, 0, 440057
381, 79182, 2134627, 0, 556864
382, 78455, 2113497, 0, 429230
383, 76731, 2093427, 0, 375089
384, 75920, 2074999, 0, 410637
385, 74654, 2055261, 0, 383099
386, 74456, 2035111, 0, 429032
387, 73934, 2015629, 0, 411674
388, 74255, 1996050, 0, 450742
389, 72981, 1977257, 0, 372912
390, 72015, 1958481, 0, 380773
391, 70636, 1940399, 0, 354486
392, 71668, 1921600, 0, 466919
393, 70966, 1903121, 0, 386260
394, 68822, 1884548, 0, 310071
395, 69367, 1867546, 0, 431875
396, 69806, 1849781, 0, 429772
397, 72045, 1831315, 0, 522352
398, 72300, 1814531, 0, 436351
399, 69195, 1797924, 0, 269879
400, 68835, 1782626, 0, 388849
401, 68197, 1766480, 0, 372815
402, 67193, 1748531, 0, 350786
403, 68652, 1732224, 0, 468021
404, 66923, 1715921, 0, 317204
405, 66721, 1699549, 0, 383416
406, 66752, 1684779, 0, 393834
407, 66358, 1668378, 0, 372777
408, 65260, 1652967, 0, 335236
409, 67002, 1637866, 0, 470761
410, 69650, 1622694, 0, 526309
411, 69870, 1607253, 0, 420474
412, 69939, 1593623, 0, 414217
413, 66729, 1580823, 0, 250709
414, 66606, 1566907, 0, 386161
415, 65939, 1553083, 0, 358258
416, 67598, 1537464, 0, 470628
417, 71185, 1523656, 0, 576729
418, 73251, 1509679, 0, 521795
419, 72697, 1497218, 0, 402997
420, 73123, 1486179, 0, 448723
421, 70795, 1474613, 0, 313583
422, 69842, 1461761, 0, 368582
423, 72288, 1449612, 0, 532874
424, 70642, 1435988, 0, 342747
425, 71308, 1423187, 0, 448650
426, 72071, 1412510, 0, 457377
427, 73712, 1399680, 0, 505784
428, 71766, 1388274, 0, 336120
429, 72345, 1377110, 0, 450896
430, 72226, 1366660, 0, 419440
431, 71626, 1354301, 0, 394650
432, 71734, 1343467, 0, 426532
433, 69298, 1332385, 0, 300003
434, 69447, 1321139, 0, 414884
435, 70401, 1310410, 0, 455968
436, 70421, 1298292, 0, 414958
437, 71897, 1287697, 0, 487822
438, 71941, 1277722, 0, 424903
439, 70232, 1267375, 0, 337484
440, 72902, 1258026, 0, 546418
441, 73475, 1248035, 0, 457261
442, 71949, 1237115, 0, 355706
443, 71959, 1228832, 0, 423477
444, 72347, 1219579, 0, 442493
445, 72450, 1209219, 0, 430553
446, 72750, 1199796, 0, 440919
447, 71690, 1190714, 0, 374753
448, 73309, 1181598, 0, 502431
449, 70769, 1172715, 0, 304069
450, 71557, 1163145, 0, 455464
451, 72976, 1155221, 0, 491604
452, 73589, 1145013, 0, 459716
453, 73255, 1136743, 0, 415977
454, 74485, 1129006, 0, 492175
455, 75597, 1120979, 0, 493521
456, 74865, 1112524, 0, 407907
457, 73692, 1105084, 0, 381543
458, 72705, 1097750, 0, 383960
459, 74559, 1089477, 0, 520155
460, 75336, 1080987, 0, 477179
461, 76410, 1072628, 0, 496633
462, 75688, 1066002, 0, 413196
463, 76152, 1058941, 0, 468210
464, 74402, 1052198, 0, 360242
465, 74687, 1044535, 0, 451706
466, 78184, 1037623, 0, 613932
467, 75423, 1029499, 0, 321675
468, 75391, 1022570, 0, 441842
469, 74339, 1017670, 0, 390657
470, 75773, 1009323, 0, 508697
471, 75047, 1002517, 0, 409207
472, 74655, 995179, 0, 421625
473, 72314, 989345, 0, 321929
474, 71858, 982388, 0, 402393
475, 69618, 975663, 0, 310517
476, 69666, 967823, 0, 411685
477, 69586, 961042, 0, 405604
478, 69015, 953240, 0, 380603
479, 68793, 946745, 0, 394708
480, 67901, 940255, 0, 359907
481, 68479, 933543, 0, 428121
482, 66828, 927081, 0, 320091
483, 67833, 920279, 0, 443115
484, 66162, 914377, 0, 315248
485, 67077, 907250, 0, 434722
486, 68107, 901684, 0, 445886
487, 69594, 894651, 0, 474755
488, 71131, 889135, 0, 486028
489, 70985, 883819, 0, 410948
490, 68056, 878913, 0, 270936
491, 68268, 874201, 0, 410742
492, 67660, 868646, 0, 371006
493, 68027, 861478, 0, 416121
494, 68537, 856073, 0, 425497
495, 71919, 850256, 0, 571986
496, 72464, 845050, 0, 450089
497, 71633, 840019, 0, 384519
498, 71278, 836805, 0, 403432
499, 73210, 832167, 0, 515595
500, 72327, 826799, 0, 386295
501, 73545, 821722, 0, 486102
502, 73040, 818051, 0, 407119
503, 71811, 812873, 0, 367983
504, 70276, 808954, 0, 345504
505, 69788, 804135, 0, 388786
506, 73798, 798905, 0, 610802
507, 73147, 793468, 0, 401360
508, 71172, 788615, 0, 331368
509, 72626, 786483, 0, 491113
510, 71280, 781865, 0, 359739
511, 72109, 776463, 0, 460530
512, 71831, 773041, 0, 410050
513, 71708, 768085, 0, 416173
514, 71548, 764397, 0, 413571
515, 72920, 760148, 0, 489200
516, 71693, 756023, 0, 367379
517, 73117, 751916, 0, 492698
518, 72883, 748766, 0, 418163
519, 72262, 744192, 0, 397434
520, 70772, 741176, 0, 350334
521, 69710, 737302, 0, 363006
522, 69597, 733226, 0, 404175
523, 68130, 728634, 0, 335869
524, 66735, 724249, 0, 330876
525, 66161, 720411, 0, 363718
526, 72617, 715800, 0, 711701
527, 72059, 711184, 0, 399016
528, 75512, 707017, 0, 596261
529, 75069, 707074, 0, 421811
530, 77215, 703380, 0, 548643
531, 76490, 702096, 0, 417718
532, 73961, 698735, 0, 323290
533, 75821, 696935, 0, 527861
534, 76147, 693587, 0, 462097
535, 73941, 689146, 0, 337412
536, 73875, 687212, 0, 431420
537, 72709, 684513, 0, 376054
538, 72746, 680351, 0, 429319
539, 72129, 677366, 0, 396888
540, 71857, 673753, 0, 410493
541, 71523, 670822, 0, 405799
542, 72108, 667537, 0, 449801
543, 75251, 664455, 0, 581033
544, 76218, 661353, 0, 490776
545, 76248, 658816, 0, 449632
546, 75469, 657884, 0, 409388
547, 74519, 655880, 0, 396228
548, 73129, 653407, 0, 368641
549, 71455, 650481, 0, 346279
550, 71412, 647432, 0, 417983
551, 74964, 644089, 0, 597445
552, 75863, 640518, 0, 485707
553, 76214, 637850, 0, 463579
554, 74003, 637366, 0, 337564
555, 76957, 635548, 0, 582726
556, 77003, 633486, 0, 454755
557, 74788, 629937, 0, 342002
558, 77675, 629371, 0, 584034
559, 78672, 627277, 0, 506573
560, 77557, 623856, 0, 406827
561, 79030, 623379, 0, 529624
562, 76022, 621979, 0, 314302
563, 72760, 619399, 0, 283901
564, 73632, 618323, 0, 471385
565, 72463, 614677, 0, 374505
566, 72076, 610710, 0, 406676
567, 70792, 609040, 0, 359598
568, 73230, 606228, 0, 538118
569, 71500, 603835, 0, 344109
570, 70546, 600906, 0, 372672
571, 69754, 600153, 0, 375189
572, 70269, 597083, 0, 435874
573, 69695, 594392, 0, 384458
574, 69731, 591764, 0, 411611
575, 70434, 589895, 0, 445100
576, 69018, 587432, 0, 343284
577, 72381, 585324, 0, 573914
578, 71190, 583643, 0, 366011
579, 72212, 580761, 0, 469660
580, 69749, 580679, 0, 301400
581, 68044, 578105, 0, 324869
582, 67959, 576805, 0, 395791
583, 68089, 573502, 0, 406093
584, 71502, 570521, 0, 570942
585, 70441, 568426, 0, 367339
586, 70110, 566480, 0, 397579
587, 72054, 566534, 0, 509362
588, 77612, 564145, 0, 701474
589, 78140, 562148, 0, 482650
590, 74914, 561515, 0, 298146
591, 73054, 563194, 0, 347492
592, 71677, 562229, 0, 360626
593, 72442, 559062, 0, 459701
594, 73519, 556525, 0, 479732
595, 71999, 554176, 0, 356297
596, 71331, 553043, 0, 389877
597, 68671, 552164, 0, 286400
598, 68823, 549815, 0, 411315
599, 66745, 547897, 0, 300752
600, 70888, 544761, 0, 599538
601, 72395, 543161, 0, 492119
602, 73273, 540254, 0, 469547
603, 70278, 540966, 0, 281044
604, 72574, 540381, 0, 527959
605, 73801, 539532, 0, 488089
606, 73257, 536432, 0, 406741
607, 69611, 536331, 0, 248478
608, 68913, 535753, 0, 374366
609, 68580, 534206, 0, 388557
610, 68969, 530780, 0, 422696
611, 70328, 528905, 0, 473447
612, 68681, 527222, 0, 331149
613, 72000, 525969, 0, 569768
614, 71255, 525340, 0, 386034
615, 72512, 523011, 0, 481763
616, 71638, 523572, 0, 382642
617, 70742, 521923, 0, 376375
618, 72672, 521442, 0, 512426
619, 73662, 519778, 0, 476705
620, 73933, 518059, 0, 446645
621, 74385, 517992, 0, 457297
622, 77103, 517497, 0, 573212
623, 76828, 516648, 0, 439571
624, 75656, 515937, 0, 393099
625, 75702, 516624, 0, 447105
626, 71016, 515700, 0, 210831
627, 63888, 514230, 0, 61195
628, 57249, 513425, 0, 43734
629, 51316, 509796, 0, 40029
630, 45809, 504416, 0, 26403
631, 41065, 498891, 0, 32205
632, 37024, 493388, 0, 39399
633, 33822, 487788, 0, 57567
634, 30684, 482325, 0, 41951
635, 28102, 477013, 0, 51297
636, 25457, 471983, 0, 32994
637, 23442, 466826, 0, 48897
638, 21584, 461843, 0, 44977
639, 20101, 456700, 0, 52732
640, 18586, 451810, 0, 42485
641, 16811, 446931, 0, 20517
642, 15668, 442204, 0, 41646
643, 14497, 437411, 0, 33543
644, 13710, 432412, 0, 45917
645, 13096, 427726, 0, 49854
646, 12364, 422999, 0, 40372
647, 11849, 418477, 0, 46920
648, 11181, 414056, 0, 36250
649, 10884, 409575, 0, 50871
650, 10396, 405226, 0, 39637
651, 9827, 400801, 0, 32662
652, 9300, 396605, 0, 31429
653, 9086, 392324, 0, 43989
654, 8878, 388011, 0, 43020
655, 8794, 383735, 0, 47957
656, 9253, 379661, 0, 74594
657, 8940, 375624, 0, 38717
658, 8797, 371695, 0, 45419
659, 8808, 368132, 0, 52239
660, 8705, 364182, 0, 46614
661, 8635, 360359, 0, 47659
662, 8680, 356664, 0, 53025
663, 8594, 352946, 0, 46724
664, 8684, 349285, 0, 55024
665, 8481, 345732, 0, 40898
666, 8393, 342146, 0, 45417
667, 8580, 338703, 0, 58716
668, 8559, 335132, 0, 49373
669, 8188, 331658, 0, 31774
670, 8170, 328385, 0, 47206
671, 7806, 325039, 0, 29798
672, 7695, 321522, 0, 40318
673, 7485, 318233, 0, 34704
674, 7399, 314774, 0, 39652
675, 7455, 311483, 0, 46295
676, 7576, 308164, 0, 49860
677, 7354, 304944, 0, 33425
678, 7390, 301842, 0, 45027
679, 7181, 298820, 0, 33023
680, 7253, 295638, 0, 45805
681, 7551, 292633, 0, 57491
682, 7474, 289520, 0, 40559
683, 7383, 286598, 0, 39389
684, 7639, 283851, 0, 56186
685, 7693, 280934, 0, 47557
686, 7645, 278038, 0, 42796
687, 7682, 275378, 0, 46763
688, 7796, 272646, 0, 50853
689, 7790, 269890, 0, 45493
690, 7487, 267214, 0, 30623
691, 7798, 264620, 0, 59506
692, 7937, 261992, 0, 52766
693, 8142, 259218, 0, 56845
694, 8049, 256823, 0, 43237
695, 8044, 254376, 0, 47008
696, 7913, 252007, 0, 40699
697, 7749, 249504, 0, 38296
698, 7700, 247076, 0, 43046
699, 7727, 244601, 0, 46549
700, 7598, 242127, 0, 38968
701, 7350, 239740, 0, 32235
702, 7321, 237423, 0, 41744
703, 7448, 235043, 0, 49381
704, 7516, 232611, 0, 47143
705, 7671, 230322, 0, 51906
706, 7697, 228152, 0, 46428
707, 7516, 225982, 0, 36149
708, 7446, 223895, 0, 40682
709, 7276, 221767, 0, 35249
710, 7698, 219541, 0, 63864
711, 7392, 217396, 0, 29942
712, 7488, 215212, 0, 48242
713, 7490, 213397, 0, 44071
714, 7284, 211197, 0, 33701
715, 7262, 209243, 0, 41697
716, 7187, 207263, 0, 38937
717, 7212, 205182, 0, 43459
718, 7085, 203222, 0, 36011
719, 7028, 201252, 0, 38772
720, 7127, 199360, 0, 46285
721, 7081, 197401, 0, 39591
722, 7045, 195499, 0, 39816
723, 7219, 193710, 0, 50075
724, 7485, 191862, 0, 55755
725, 7351, 190039, 0, 37244
726, 7248, 188361, 0, 38046
727, 7690, 186771, 0, 64649
728, 7565, 184978, 0, 38933
729, 7658, 183216, 0, 49093
730, 7587, 181794, 0, 41434
731, 7609, 180081, 0, 45673
732, 7589, 178511, 0, 43737
733, 7658, 176867, 0, 48007
734, 7541, 175294, 0, 39127
735, 7611, 173717, 0, 47824
736, 7503, 172210, 0, 39365
737, 7308, 170614, 0, 34384
738, 7350, 169142, 0, 44994
739, 7353, 167586, 0, 43377
740, 7479, 165989, 0, 49500
741, 7575, 164538, 0, 48703
742, 7543, 163085, 0, 42915
743, 7516, 161723, 0, 42944
744, 7449, 160368, 0, 40822
745, 7227, 158960, 0, 32644
746, 7085, 157569, 0, 35375
747, 6928, 156169, 0, 33765
748, 6528, 154688, 0, 20725
749, 6818, 153258, 0, 52840
750, 6910, 151825, 0, 44668
751, 7029, 150253, 0, 46545
752, 6842, 149085, 0, 31963
753, 7118, 147833, 0, 54027
754, 7169, 146619, 0, 44438
755, 7162, 145244, 0, 41797
756, 7315, 144150, 0, 49754
757, 7482, 142955, 0, 51312
758, 7343, 141742, 0, 37039
759, 7774, 140639, 0, 64698
760, 7497, 139568, 0, 31873
761, 7571, 138339, 0, 47773
762, 7540, 137456, 0, 42975
763, 7431, 136190, 0, 38853
764, 7345, 135130, 0, 39361
765, 7330, 134025, 0, 42391
766, 7212, 132884, 0, 37199
767, 7126, 131763, 0, 38069
768, 7225, 130692, 0, 46836
769, 7119, 129571, 0, 37191
770, 7271, 128474, 0, 49484
771, 7380, 127495, 0, 48146
772, 7339, 126412, 0, 41306
773, 7333, 125490, 0, 42880
774, 7407, 124563, 0, 46802
775, 7387, 123565, 0, 42540
776, 7190, 122598, 0, 33561
777, 7355, 121689, 0, 50530
778, 7748, 120740, 0, 62877
779, 7508, 119695, 0, 33519
780, 7421, 118866, 0, 39767
781, 7437, 118195, 0, 44410
782, 7378, 117180, 0, 40705
783, 7384, 116252, 0, 43609
784, 7625, 115391, 0, 55461
785, 7266, 114496, 0, 26866
786, 7346, 113646, 0, 46658
787, 7152, 112949, 0, 33457
788, 7146, 111917, 0, 41739
789, 6972, 111135, 0, 33265
790, 6944, 110204, 0, 39568
791, 7098, 109383, 0, 48530
792, 7106, 108471, 0, 42122
793, 7148, 107645, 0, 43883
794, 7045, 106937, 0, 36871
795, 6886, 106160, 0, 33426
796, 6824, 105414, 0, 37383
797, 6729, 104592, 0, 35296
798, 6831, 103739, 0, 44669
799, 6908, 102944, 0, 44001
800, 6823, 102133, 0, 36353
801, 6839, 101444, 0, 40867
802, 6596, 100756, 0, 28064
803, 6857, 99984, 0, 51824
804, 7063, 99275, 0, 50631
805, 6881, 98421, 0, 32440
806, 6883, 97863, 0, 40517
807, 6815, 97297, 0, 37041
808, 6671, 96520, 0, 32827
809, 6986, 95849, 0, 54976
810, 6746, 95144, 0, 29004
811, 6678, 94397, 0, 36217
812, 6492, 93925, 0, 29976
813, 7099, 93147, 0, 68439
814, 7112, 92465, 0, 42360
815, 7154, 91716, 0, 43932
816, 7132, 91437, 0, 40916
817, 7299, 90849, 0, 50283
818, 7484, 90287, 0, 52184
819, 7667, 89695, 0, 53097
820, 7570, 89223, 0, 40197
821, 7899, 88779, 0, 60971
822, 7841, 88352, 0, 43513
823, 7619, 87775, 0, 35000
824, 7603, 87454, 0, 43947
825, 7640, 86927, 0, 46531
826, 7683, 86305, 0, 47063
827, 7491, 85797, 0, 35571
828, 7371, 85327, 0, 38010
829, 7404, 84869, 0, 44987
830, 7291, 84278, 0, 37878
831, 7305, 83724, 0, 43562
832, 7208, 83260, 0, 38043
833, 7131, 82716, 0, 38460
834, 7064, 82247, 0, 38565
835, 7457, 81717, 0, 61138
836, 7501, 81199, 0, 46016
837, 7505, 80688, 0, 44306
838, 7632, 80454, 0, 50476
839, 7591, 80041, 0, 42813
840, 7486, 79613, 0, 39347
841, 7481, 79264, 0, 43713
842, 7416, 78827, 0, 40735
843, 7505, 78354, 0, 48010
844, 7304, 77939, 0, 34088
845, 7152, 77493, 0, 35314
846, 7091, 77140, 0, 38958
847, 7195, 76624, 0, 46869
848, 7164, 76129, 0, 40704
849, 7190, 75684, 0, 43397
850, 7048, 75339, 0, 35151
851, 6998, 74924, 0, 38931
852, 7063, 74546, 0, 44412
853, 6889, 74074, 0, 32810
854, 7047, 73653, 0, 48420
855, 7186, 73303, 0, 48316
856, 7192, 72818, 0, 42528
857, 7266, 72526, 0, 45947
858, 7276, 72236, 0, 43147
859, 7357, 71880, 0, 46806
860, 7487, 71569, 0, 49700
861, 7298, 71229, 0, 34528
862, 7285, 70937, 0, 42226
863, 7316, 70683, 0, 44372
864, 7245, 70250, 0, 39429
865, 7237, 69914, 0, 42143
866, 7223, 69608, 0, 41802
867, 7586, 69247, 0, 60602
868, 7697, 68922, 0, 50135
869, 7692, 68597, 0, 44955
870, 7677, 68502, 0, 44459
871, 7793, 68282, 0, 50921
872, 7718, 68003, 0, 42085
873, 7605, 67721, 0, 39702
874, 7336, 67520, 0, 31202
875, 7256, 67215, 0, 39140
876, 7401, 66886, 0, 49874
877, 7686, 66459, 0, 57759
878, 7600, 66132, 0, 40854
879, 7417, 65938, 0, 35506
880, 7440, 65840, 0, 44691
881, 7293, 65541, 0, 36403
882, 7697, 65181, 0, 63063
883, 8041, 64936, 0, 62391
884, 8095, 64594, 0, 49935
885, 7821, 64576, 0, 33883
886, 7792, 64550, 0, 44504
887, 7756, 64375, 0, 43998
888, 7469, 64010, 0, 31205
889, 7489, 63777, 0, 44848
890, 7451, 63540, 0, 42064
891, 7482, 63153, 0, 45367
892, 7479, 62934, 0, 43827
893, 7514, 62684, 0, 45668
894, 7296, 62477, 0, 33264
895, 7283, 62254, 0, 42235
896, 7522, 62056, 0, 54772
897, 7630, 61711, 0, 49631
898, 7565, 61478, 0, 41613
899, 7582, 61398, 0, 45310
900, 7463, 61257, 0, 38602
901, 7244, 61022, 0, 32925
902, 7481, 60834, 0, 54422
903, 7733, 60568, 0, 56543
904, 7648, 60237, 0, 41240
905, 7621, 60168, 0, 43586
906, 7453, 60125, 0, 36402
907, 7563, 59899, 0, 49311
908, 7484, 59704, 0, 40519
909, 7593, 59425, 0, 49428
910, 7577, 59304, 0, 43816
911, 7641, 59079, 0, 47690
912, 7669, 58964, 0, 46319
913, 7626, 58783, 0, 42939
914, 7537, 58650, 0, 40368
915, 7212, 58503, 0, 28034
916, 7271, 58317, 0, 45333
917, 7164, 58102, 0, 37369
918, 7180, 57742, 0, 42916
919, 7171, 57594, 0, 41758
920, 6988, 57352, 0, 33030
921, 7236, 57179, 0, 53480
922, 7507, 56995, 0, 56054
923, 7576, 56708, 0, 47568
924, 7529, 56670, 0, 42168
925, 7217, 56663, 0, 28641
926, 7046, 56554, 0, 33876
927, 6973, 56382, 0, 37698
928, 7148, 56050, 0, 49692
929, 7106, 55785, 0, 39895
930, 7312, 55569, 0, 52055
931, 7324, 55499, 0, 43550
932, 7444, 55312, 0, 49011
933, 7822, 55273, 0, 62641
934, 7834, 55133, 0, 46558
935, 7733, 55060, 0, 40996
936, 7717, 55151, 0, 44682
937, 7708, 55048, 0, 44939
938, 22677, 55048, 1, 793546
939, 22677, 55048, 0, 4754
940, 22677, 55048, 0, 5312
941, 22677, 55048, 0, 4757
942, 22677, 55048, 0, 5291
943, 22677, 55048, 0, 5470
944, 22677, 55048, 0, 4708
945, 22677, 55048, 0, 4936
946, 22677, 55048, 0, 4244
947, 22677, 55048, 0, 4139
948, 22677, 55048, 0, 4548
949, 22677, 55048, 0, 4770
950, 22677, 54438, 0, 4769
951, 22677, 53840, 0, 6482
952, 22677, 53252, 0, 5506
953, 22677, 52671, 0, 5781
954, 22677, 52118, 0, 7990
955, 22677, 51559, 0, 7328
956, 22677, 51010, 0, 4682
957, 22677, 50495, 0, 5124
958, 22677, 49978, 0, 5316
959, 22677, 49435, 0, 4624
960, 22677, 48904, 0, 5308
961, 22677, 48382, 0, 5296
962, 22677, 47858, 0, 4718
963, 20085, 47348, 0, 3724
964, 17868, 46844, 0, 7216
965, 15864, 46339, 0, 4839
966, 14096, 45828, 0, 4858
967, 12554, 45365, 0, 5750
968, 11204, 44879, 0, 6336
969, 9991, 44400, 0, 5238
970, 8899, 43937, 0, 4142
971, 7966, 43487, 0, 5649
972, 7122, 43029, 0, 4629
973, 6399, 42563, 0, 5702
974, 5755, 42121, 0, 5429
975, 5216, 41672, 0, 6854
976, 4713, 41241, 0, 5490
977, 4275, 40812, 0, 5759
978, 3878, 40405, 0, 5295
979, 3532, 39987, 0, 5452
980, 3246, 39577, 0, 6406
981, 2964, 39166, 0, 4990
982, 2713, 38762, 0, 4874
983, 2497, 38374, 0, 5112
984, 2317, 37974, 0, 5622
985, 2129, 37578, 0, 4186
986, 1989, 37189, 0, 5524
987, 1876, 36811, 0, 6005
988, 1762, 36420, 0, 5287
989, 1636, 36050, 0, 4014
990, 1569, 35690, 0, 6222
991, 1523, 35326, 0, 6932
992, 1430, 34951, 0, 4297
993, 1391, 34607, 0, 6413
994, 1323, 34276, 0, 4776
995, 1319, 33917, 0, 7534
996, 1263, 33588, 0, 4909
997, 1230, 33243, 0, 5743
998, 1176, 32935, 0, 4505
999, 1172, 32599, 0, 6727
1000, 1126, 32277, 0, 4596
1001, 1121, 31944, 0, 6354
1002, 1128, 31642, 0, 6900
1003, 1092, 31318, 0, 4826
1004, 1051, 31019, 0, 4318
1005, 1043, 30730, 0, 5713
1006, 1049, 30420, 0, 6370
1007, 1033, 30107, 0, 5313
1008, 1009, 29815, 0, 4842
1009, 1001, 29534, 0, 5510
1010, 975, 29244, 0, 4557
1011, 969, 28952, 0, 5408
1012, 976, 28671, 0, 6044
1013, 988, 28382, 0, 6323
1014, 969, 28107, 0, 4816
1015, 957, 27843, 0, 5077
1016, 944, 27585, 0, 4978
1017, 938, 27312, 0, 5277
1018, 933, 27046, 0, 5219
1019, 928, 26782, 0, 5170
1020, 923, 26525, 0, 5160
1021, 912, 26270, 0, 4816
1022, 934, 26017, 0, 6419
1023, 945, 25767, 0, 6030
1024, 895, 25516, 0, 3075
1025, 895, 25287, 0, 5266
1026, 893, 25057, 0, 5187
1027, 871, 24794, 0, 4122
1028, 870, 24560, 0, 5006
1029, 840, 24328, 0, 3562
1030, 844, 24086, 0, 5122
1031, 868, 23858, 0, 6182
1032, 852, 23615, 0, 4263
1033, 834, 23394, 0, 4093
1034, 854, 23188, 0, 5899
1035, 861, 22962, 0, 5350
1036, 862, 22736, 0, 5058
1037, 862, 22535, 0, 5036
1038, 820, 22329, 0, 2942
1039, 824, 22122, 0, 4986
1040, 819, 21918, 0, 4580
1041, 838, 21691, 0, 5738
1042, 871, 21491, 0, 6583
1043, 890, 21289, 0, 6023
1044, 895, 21103, 0, 5488
1045, 899, 20929, 0, 5465
1046, 873, 20751, 0, 3950
1047, 858, 20568, 0, 4349
1048, 877, 20387, 0, 5958
1049, 849, 20190, 0, 3710
1050, 853, 20001, 0, 5165
1051, 869, 19833, 0, 5794
1052, 887, 19640, 0, 5996
1053, 878, 19467, 0, 4738
1054, 873, 19304, 0, 4863
1055, 897, 19145, 0, 6292
1056, 897, 18973, 0, 5295
1057, 900, 18804, 0, 5422
1058, 901, 18654, 0, 5342
1059, 895, 18494, 0, 4962
1060, 900, 18338, 0, 5540
1061, 901, 18183, 0, 5303
1062, 899, 18025, 0, 5196
1063, 895, 17876, 0, 5090
1064, 891, 17726, 0, 5064
1065, 918, 17576, 0, 6569
1066, 912, 17427, 0, 5067
1067, 887, 17279, 0, 4059
1068, 894, 17151, 0, 5508
1069, 905, 17007, 0, 5814
1070, 894, 16852, 0, 4796
1071, 898, 16716, 0, 5464
1072, 881, 16586, 0, 4431
1073, 887, 16445, 0, 5409
1074, 860, 16314, 0, 3847
1075, 858, 16172, 0, 4930
1076, 855, 16043, 0, 4892
1077, 879, 15897, 0, 6244
1078, 876, 15766, 0, 4995
1079, 883, 15636, 0, 5487
1080, 900, 15524, 0, 5956
1081, 896, 15398, 0, 5083
1082, 892, 15280, 0, 5056
1083, 883, 15169, 0, 4775
1084, 891, 15049, 0, 5541
1085, 891, 14930, 0, 5215
1086, 888, 14809, 0, 5068
1087, 872, 14698, 0, 4414
1088, 867, 14585, 0, 4823
1089, 858, 14471, 0, 4625
1090, 848, 14351, 0, 4530
1091, 888, 14237, 0, 6990
1092, 881, 14122, 0, 4883
1093, 882, 14007, 0, 5182
1094, 883, 13923, 0, 5193
1095, 920, 13815, 0, 6962
1096, 905, 13712, 0, 4617
1097, 900, 13610, 0, 5066
1098, 906, 13531, 0, 5589
1099, 882, 13425, 0, 4104
1100, 850, 13325, 0, 3514
1101, 866, 13233, 0, 5760
1102, 877, 13124, 0, 5622
1103, 880, 13009, 0, 5263
1104, 870, 12923, 0, 4637
1105, 872, 12836, 0, 5190
1106, 872, 12746, 0, 5080
1107, 858, 12649, 0, 4366
1108, 865, 12560, 0, 5377
1109, 859, 12471, 0, 4755
1110, 855, 12374, 0, 4828
1111, 863, 12291, 0, 5432
1112, 877, 12201, 0, 5739
1113, 884, 12113, 0, 5459
1114, 888, 12033, 0, 5368
1115, 855, 11958, 0, 3551
1116, 856, 11881, 0, 5085
1117, 848, 11803, 0, 4617
1118, 851, 11705, 0, 5145
1119, 855, 11626, 0, 5156
1120, 882, 11542, 0, 6371
1121, 905, 11466, 0, 6276
1122, 893, 11391, 0, 4721
1123, 910, 11331, 0, 6064
1124, 912, 11271, 0, 5401
1125, 914, 11193, 0, 5404
1126, 939, 11132, 0, 6631
1127, 936, 11064, 0, 5301
1128, 921, 10997, 0, 4721
1129, 901, 10945, 0, 4399
1130, 892, 10878, 0, 4817
1131, 926, 10805, 0, 6936
1132, 911, 10729, 0, 4690
1133, 903, 10659, 0, 4944
1134, 908, 10615, 0, 5502
1135, 899, 10544, 0, 4875
1136, 902, 10477, 0, 5439
1137, 893, 10418, 0, 4842
1138, 913, 10352, 0, 6215
1139, 899, 10294, 0, 4614
1140, 913, 10229, 0, 5967
1141, 891, 10181, 0, 4218
1142, 921, 10115, 0, 6742
1143, 930, 10066, 0, 5848
1144, 923, 9996, 0, 5077
1145, 899, 9957, 0, 4181
1146, 883, 9908, 0, 4463
1147, 876, 9851, 0, 4751
1148, 859, 9783, 0, 4260
1149, 848, 9720, 0, 4454
1150, 850, 9661, 0, 5077
1151, 917, 9597, 0, 8317
1152, 891, 9536, 0, 4068
1153, 922, 9483, 0, 6764
1154, 896, 9470, 0, 4052
1155, 922, 9406, 0, 6557
1156, 911, 9375, 0, 4820
1157, 873, 9312, 0, 3433
1158, 898, 9279, 0, 6333
1159, 900, 9226, 0, 5352
1160, 882, 9157, 0, 4368
1161, 872, 9124, 0, 4612
1162, 861, 9079, 0, 4523
1163, 852, 9023, 0, 4597
1164, 871, 8971, 0, 5930
1165, 858, 8918, 0, 4448
1166, 856, 8867, 0, 4915
1167, 857, 8832, 0, 5091
1168, 888, 8780, 0, 6585
1169, 911, 8734, 0, 6381
1170, 915, 8691, 0, 5523
1171, 893, 8666, 0, 4287
1172, 870, 8639, 0, 4052
1173, 854, 8602, 0, 4298
1174, 828, 8551, 0, 3736
1175, 835, 8498, 0, 5160
1176, 866, 8448, 0, 6489
1177, 871, 8392, 0, 5312
1178, 900, 8354, 0, 6547
1179, 865, 8332, 0, 3532
1180, 909, 8296, 0, 7255
1181, 921, 8276, 0, 5947
1182, 901, 8220, 0, 4390
1183, 932, 8209, 0, 6820
1184, 924, 8182, 0, 5046
1185, 926, 8137, 0, 5544
1186, 944, 8122, 0, 6347
1187, 903, 8086, 0, 3526
1188, 877, 8056, 0, 3960
1189, 884, 8036, 0, 5473
1190, 860, 7982, 0, 3967
1191, 881, 7934, 0, 6072
1192, 873, 7905, 0, 4745
1193, 900, 7858, 0, 6408
1194, 894, 7837, 0, 4950
1195, 878, 7800, 0, 4475
1196, 869, 7784, 0, 4692
1197, 873, 7751, 0, 5268
1198, 869, 7712, 0, 4892
1199, 863, 7676, 0, 4773
1200, 885, 7648, 0, 6138
1201, 871, 7615, 0, 4477
1202, 897, 7581, 0, 6382
1203, 865, 7564, 0, 3672
1204, 868, 7527, 0, 5221
1205, 851, 7514, 0, 4247
1206, 825, 7468, 0, 3692
1207, 823, 7442, 0, 4746
1208, 849, 7404, 0, 6084
1209, 897, 7360, 0, 7370
1210, 896, 7329, 0, 5246
1211, 883, 7315, 0, 4625
1212, 914, 7316, 0, 6670
1213, 968, 7292, 0, 8094
1214, 965, 7261, 0, 5547
1215, 942, 7254, 0, 4527
1216, 897, 7265, 0, 3247
1217, 902, 7245, 0, 5544
1218, 903, 7213, 0, 5312
1219, 913, 7166, 0, 5778
1220, 893, 7147, 0, 4329
1221, 880, 7125, 0, 4586
1222, 843, 7109, 0, 3259
1223, 839, 7076, 0, 4719
1224, 833, 7047, 0, 4639
1225, 858, 7002, 0, 6111
1226, 872, 6975, 0, 5733
1227, 887, 6947, 0, 5816
1228, 885, 6937, 0, 5059
1229, 911, 6923, 0, 6477
1230, 914, 6910, 0, 5453
1231, 919, 6888, 0, 5604
1232, 871, 6884, 0, 2968
1233, 872, 6867, 0, 5130
1234, 863, 6852, 0, 4622
1235, 860, 6806, 0, 4872
1236, 875, 6786, 0, 5758
1237, 841, 6761, 0, 3418
1238, 859, 6739, 0, 5832
1239, 852, 6728, 0, 4698
1240, 877, 6689, 0, 6220
1241, 882, 6679, 0, 5375
1242, 887, 6656, 0, 5364
1243, 909, 6651, 0, 6283
1244, 917, 6636, 0, 5742
1245, 908, 6621, 0, 4911
1246, 903, 6617, 0, 5078
1247, 938, 6607, 0, 7031
1248, 943, 6587, 0, 5715
1249, 937, 6569, 0, 5205
1250, 935, 6575, 0, 5379
1251, 2616, 6565, 0, 89509
1252, 2353, 6549, 0, 2242
1253, 2111, 6535, 0, 1734
1254, 1901, 7531, 0, 1901
1255, 1707, 7468, 0, 1479
1256, 1549, 7400, 0, 2123
1257, 1406, 7335, 0, 1900
1258, 1294, 7265, 0, 2655
1259, 1170, 7204, 0, 1378
1260, 1066, 7141, 0, 1672
1261, 974, 7088, 0, 1673
1262, 901, 7020, 0, 2066
1263, 835, 6956, 0, 1950
1264, 789, 6893, 0, 2629
1265, 735, 6836, 0, 1903
1266, 678, 6778, 0, 1493
1267, 636, 6729, 0, 1861
1268, 600, 6672, 0, 1916
1269, 569, 6610, 0, 1916
1270, 567, 6554, 0, 3202
1271, 539, 6499, 0, 1903
1272, 513, 6445, 0, 1806
1273, 508, 6407, 0, 2799
1274, 487, 6353, 0, 1913
1275, 479, 6299, 0, 2433
1276, 461, 6258, 0, 1878
1277, 443, 6206, 0, 1772
1278, 425, 6161, 0, 1675
1279, 413, 6110, 0, 1863
1280, 410, 6058, 0, 2278
1281, 409, 6006, 0, 2304
1282, 396, 5957, 0, 1746
1283, 391, 5913, 0, 2066
1284, 397, 5870, 0, 2583
1285, 382, 5821, 0, 1577
1286, 384, 5776, 0, 2300
1287, 384, 5738, 0, 2239
1288, 377, 5689, 0, 1859
1289, 381, 5649, 0, 2378
1290, 371, 5609, 0, 1662
1291, 369, 5565, 0, 2037
1292, 379, 5527, 0, 2627
1293, 384, 5481, 0, 2404
1294, 385, 5440, 0, 2263
1295, 385, 5407, 0, 2222
1296, 379, 5371, 0, 1914
1297, 381, 5334, 0, 2272
1298, 375, 5297, 0, 1896
1299, 371, 5257, 0, 1985
1300, 372, 5222, 0, 2166
1301, 375, 5183, 0, 2343
1302, 367, 5145, 0, 1753
1303, 377, 5110, 0, 2628
1304, 380, 5077, 0, 2324
1305, 378, 5038, 0, 2097
1306, 383, 5010, 0, 2401
1307, 374, 4978, 0, 1782
1308, 361, 4944, 0, 1537
1309, 377, 4914, 0, 2868
1310, 380, 4877, 0, 2301
1311, 381, 4837, 0, 2218
1312, 370, 4814, 0, 1618
1313, 371, 4784, 0, 2196
1314, 368, 4754, 0, 1962
1315, 360, 4717, 0, 1747
1316, 380, 4687, 0, 3057
1317, 387, 4655, 0, 2533
1318, 402, 4621, 0, 2972
1319, 417, 4603, 0, 3145
1320, 415, 4579, 0, 2349
1321, 406, 4560, 0, 1994
1322, 393, 4544, 0, 1736
1323, 382, 4518, 0, 1784
1324, 380, 4488, 0, 2126
1325, 391, 4455, 0, 2743
1326, 378, 4423, 0, 1632
1327, 370, 4396, 0, 1780
1328, 371, 4377, 0, 2150
1329, 370, 4345, 0, 2051
1330, 375, 4315, 0, 2391
1331, 387, 4290, 0, 2762
1332, 383, 4264, 0, 2010
1333, 381, 4242, 0, 2129
1334, 379, 4225, 0, 2095
1335, 384, 4199, 0, 2400
1336, 389, 4175, 0, 2491
1337, 386, 4151, 0, 2108
1338, 380, 4130, 0, 1945
1339, 369, 4111, 0, 1613
1340, 372, 4087, 0, 2250
1341, 364, 4062, 0, 1789
1342, 359, 4033, 0, 1863
1343, 355, 4012, 0, 1872
1344, 354, 3986, 0, 2037
1345, 354, 3961, 0, 2093
1346, 345, 3936, 0, 1649
1347, 347, 3914, 0, 2138
1348, 367, 3893, 0, 3014
1349, 368, 3867, 0, 2187
1350, 359, 3847, 0, 1657
1351, 356, 3838, 0, 1908
1352, 355, 3819, 0, 2048
1353, 361, 3794, 0, 2358
1354, 355, 3772, 0, 1755
1355, 360, 3752, 0, 2338
1356, 368, 3736, 0, 2460
1357, 366, 3713, 0, 2038
1358, 364, 3697, 0, 2031
1359, 359, 3683, 0, 1897
1360, 361, 3664, 0, 2182
1361, 364, 3645, 0, 2227
1362, 355, 3625, 0, 1694
1363, 356, 3608, 0, 2117
1364, 352, 3592, 0, 1868
1365, 361, 3570, 0, 2522
1366, 365, 3553, 0, 2272
1367, 364, 3533, 0, 2096
1368, 377, 3521, 0, 2787
1369, 374, 3507, 0, 2010
1370, 364, 3491, 0, 1690
1371, 347, 3483, 0, 1258
1372, 339, 3466, 0, 1644
1373, 333, 3445, 0, 1673
1374, 347, 3419, 0, 2657
1375, 342, 3398, 0, 1781
1376, 335, 3378, 0, 1690
1377, 334, 3370, 0, 1903
1378, 343, 3351, 0, 2422
1379, 338, 3332, 0, 1798
1380, 343, 3315, 0, 2217
1381, 348, 3305, 0, 2293
1382, 340, 3287, 0, 1633
1383, 325, 3275, 0, 1204
1384, 343, 3264, 0, 2766
1385, 341, 3245, 0, 1919
1386, 336, 3221, 0, 1718
1387, 331, 3216, 0, 1712
1388, 338, 3201, 0, 2213
1389, 334, 3184, 0, 1772
1390, 349, 3167, 0, 2720
1391, 350, 3156, 0, 2078
1392, 343, 3140, 0, 1699
1393, 339, 3135, 0, 1803
1394, 340, 3123, 0, 2002
1395, 348, 3106, 0, 2374
1396, 351, 3091, 0, 2173
1397, 370, 3078, 0, 2978
1398, 366, 3070, 0, 1901
1399, 369, 3060, 0, 2275
1400, 372, 3060, 0, 2269
1401, 372, 3047, 0, 2152
1402, 374, 3038, 0, 2279
1403, 383, 3029, 0, 2633
1404, 381, 3019, 0, 2110
1405, 391, 3011, 0, 2658
1406, 390, 3007, 0, 2230
1407, 376, 2997, 0, 1595
1408, 389, 2993, 0, 2832
1409, 395, 2984, 0, 2597
1410, 377, 2968, 0, 1442
1411, 367, 2967, 0, 1655
1412, 357, 2963, 0, 1645
1413, 352, 2945, 0, 1835
1414, 344, 2930, 0, 1651
1415, 351, 2915, 0, 2382
1416, 354, 2903, 0, 2165
1417, 343, 2888, 0, 1514
1418, 344, 2882, 0, 2073
1419, 338, 2874, 0, 1701
1420, 335, 2858, 0, 1843
1421, 324, 2849, 0, 1441
1422, 324, 2836, 0, 1852
1423, 328, 2825, 0, 2050
1424, 328, 2809, 0, 1883
1425, 329, 2798, 0, 1939
1426, 342, 2790, 0, 2504
1427, 340, 2780, 0, 1916
1428, 340, 2770, 0, 1993
1429, 339, 2767, 0, 1910
1430, 344, 2757, 0, 2244
1431, 341, 2748, 0, 1874
1432, 348, 2738, 0, 2342
1433, 350, 2733, 0, 2148
1434, 352, 2723, 0, 2107
1435, 347, 2719, 0, 1835
1436, 347, 2713, 0, 2040
1437, 334, 2706, 0, 1355
1438, 345, 2696, 0, 2505
1439, 342, 2689, 0, 1881
1440, 339, 2674, 0, 1894
1441, 341, 2672, 0, 2080
1442, 359, 2663, 0, 2871
1443, 357, 2654, 0, 1952
1444, 351, 2648, 0, 1752
1445, 349, 2651, 0, 1945
1446, 365, 2643, 0, 2833
1447, 357, 2633, 0, 1707
1448, 355, 2625, 0, 1995
1449, 354, 2628, 0, 2034
1450, 364, 2617, 0, 2566
1451, 374, 2610, 0, 2612
1452, 377, 2604, 0, 2311
1453, 368, 2604, 0, 1727
1454, 371, 2605, 0, 2281
1455, 361, 2602, 0, 1634
1456, 362, 2592, 0, 2107
1457, 343, 2589, 0, 1170
1458, 349, 2578, 0, 2318
1459, 351, 2573, 0, 2141
1460, 362, 2557, 0, 2592
1461, 362, 2555, 0, 2107
1462, 372, 2551, 0, 2638
1463, 370, 2552, 0, 2062
1464, 378, 2547, 0, 2531
1465, 370, 2549, 0, 1769
1466, 370, 2544, 0, 2101
1467, 366, 2544, 0, 1918
1468, 359, 2535, 0, 1759
1469, 357, 2530, 0, 1998
1470, 356, 2523, 0, 2046
1471, 354, 2514, 0, 1997
1472, 350, 2508, 0, 1891
1473, 356, 2503, 0, 2321
1474, 351, 2497, 0, 1847
1475, 368, 2490, 0, 2857
1476, 361, 2488, 0, 1799
1477, 365, 2481, 0, 2277
1478, 360, 2486, 0, 1860
1479, 356, 2478, 0, 1854
1480, 359, 2476, 0, 2202
1481, 357, 2469, 0, 1950
1482, 355, 2462, 0, 1991
1483, 345, 2459, 0, 1572
1484, 351, 2453, 0, 2301
1485, 345, 2448, 0, 1738
1486, 334, 2438, 0, 1480
1487, 322, 2437, 0, 1381
1488, 331, 2429, 0, 2329
1489, 331, 2418, 0, 1883
1490, 326, 2406, 0, 1613
1491, 329, 2406, 0, 2037
1492, 355, 2400, 0, 3175
1493, 367, 2391, 0, 2690
1494, 362, 2387, 0, 1873
1495, 358, 2397, 0, 1900
1496, 366, 2401, 0, 2485
1497, 362, 2395, 0, 1926
1498, 350, 2390, 0, 1541
1499, 338, 2392, 0, 1412
1500, 342, 2387, 0, 2174
1501, 339, 2377, 0, 1871
1502, 348, 2366, 0, 2421
1503, 349, 2364, 0, 2090
1504, 345, 2359, 0, 1846
1505, 343, 2360, 0, 1916
1506, 343, 2357, 0, 2044
1507, 352, 2351, 0, 2454
1508, 351, 2346, 0, 2025
1509, 349, 2343, 0, 1940
1510, 348, 2345, 0, 1971
1511, 354, 2342, 0, 2310
1512, 344, 2338, 0, 1573
1513, 343, 2334, 0, 1962
1514, 345, 2334, 0, 2117
1515, 349, 2325, 0, 2208
1516, 356, 2321, 0, 2367
1517, 359, 2319, 0, 2205
1518, 352, 2318, 0, 1742
1519, 344, 2319, 0, 1674
1520, 340, 2318, 0, 1808
1521, 344, 2312, 0, 2159
1522, 341, 2305, 0, 1896
1523, 343, 2300, 0, 2066
1524, 345, 2299, 0, 2149
1525, 359, 2295, 0, 2725
1526, 350, 2293, 0, 1641
1527, 351, 2292, 0, 2078
1528, 356, 2298, 0, 2256
1529, 349, 2291, 0, 1700
1530, 343, 2289, 0, 1746
1531, 336, 2289, 0, 1681
1532, 348, 2282, 0, 2592
1533, 352, 2276, 0, 2224
1534, 349, 2269, 0, 1914
1535, 343, 2273, 0, 1714
1536, 362, 2273, 0, 2974
1537, 359, 2269, 0, 1966
1538, 355, 2263, 0, 1865
1539, 361, 2272, 0, 2382
1540, 358, 2269, 0, 1927
1541, 356, 2265, 0, 1986
1542, 357, 2267, 0, 2104
1543, 354, 2263, 0, 1912
1544, 349, 2260, 0, 1810
1545, 337, 2259, 0, 1438
1546, 347, 2255, 0, 2490
1547, 347, 2250, 0, 2049
1548, 350, 2241, 0, 2159
1549, 339, 2244, 0, 1460
1550, 329, 2242, 0, 1480
1551, 323, 2242, 0, 1587
1552, 326, 2233, 0, 2037
1553, 337, 2224, 0, 2432
1554, 344, 2217, 0, 2334
1555, 352, 2215, 0, 2404
1556, 368, 2218, 0, 2854
1557, 370, 2220, 0, 2229
1558, 375, 2223, 0, 2384
1559, 378, 2231, 0, 2307
1560, 365, 2231, 0, 1533
1561, 363, 2233, 0, 2013
1562, 373, 2234, 0, 2619
1563, 356, 2226, 0, 1324
